date,model,split_id,turnover,transaction_cost,portfolio_return,benchmark_return,active_return,net_active_return
2018-01-31,elastic_net,1,0.5,0.00075,0.041565293981969,0.050692992550622096,-0.009127698568653093,-0.009877698568653094
2018-02-28,elastic_net,2,0.29999999999999993,0.00044999999999999993,0.011305209091211216,0.026913263840617985,-0.015608054749406769,-0.016058054749406768
2018-03-31,elastic_net,3,0.30000000000000004,0.0004500000000000001,0.007425017718982005,0.007200759526716283,0.0002242581922657222,-0.0002257418077342779
2018-04-30,elastic_net,4,0.30000000000000016,0.00045000000000000026,0.013771185824756128,0.0032705554632528333,0.010500630361503295,0.010050630361503294
2018-05-31,elastic_net,5,0.3,0.00045,0.00743331189611051,0.016522982687954713,-0.009089670791844202,-0.009539670791844203
2018-06-30,elastic_net,6,0.29999999999999993,0.00044999999999999993,-0.0026494586938450005,0.00010127496182588125,-0.0027507336556708817,-0.0032007336556708816
2018-07-31,elastic_net,7,0.3000000000000001,0.0004500000000000002,0.02770647044074382,0.01964101784757255,0.00806545259317127,0.00761545259317127
2018-08-31,elastic_net,8,0.29999999999999993,0.00044999999999999993,0.020474147423824193,0.01655082982396716,0.003923317599857031,0.0034733175998570313
2018-09-30,elastic_net,9,0.3,0.00045,-0.00987888816154881,0.003673870205890495,-0.013552758367439304,-0.014002758367439305
2018-10-31,elastic_net,10,0.29999999999999993,0.00044999999999999993,-0.02787476393702025,-0.028088136276895548,0.0002133723398752979,-0.00023662766012470202
2018-11-30,elastic_net,11,0.30000000000000004,0.0004500000000000001,-0.01979932851855972,-0.060830953260451626,0.041031624741891905,0.040581624741891906
2018-12-31,elastic_net,12,0.3,0.00045,0.004335242044090062,0.014478439921539188,-0.010143197877449127,-0.010593197877449128
2019-01-31,elastic_net,13,0.3,0.00045,-0.04945782671835513,-0.05462296755317542,0.005165140834820288,0.004715140834820288
2019-02-28,elastic_net,14,0.30000000000000004,0.0004500000000000001,0.0031126066606237167,-0.03888030494110195,0.04199291160172567,0.04154291160172567
2019-03-31,elastic_net,15,0.30000000000000004,0.0004500000000000001,-0.021667163765438195,0.020652616496963816,-0.04231978026240201,-0.04276978026240201
2019-04-30,elastic_net,16,0.3,0.00045,-0.012297692560549628,-0.03256664946755383,0.020268956907004206,0.019818956907004207
2019-05-31,elastic_net,17,0.29999999999999993,0.00044999999999999993,0.038966282953791564,0.054542885230214555,-0.01557660227642299,-0.01602660227642299
2019-06-30,elastic_net,18,0.30000000000000004,0.0004500000000000001,-0.008734606860553504,-0.018891992469643126,0.010157385609089622,0.009707385609089621
2019-07-31,elastic_net,19,0.3,0.00045,0.02210663045373645,0.016393492059751047,0.005713138393985403,0.005263138393985403
2019-08-31,elastic_net,20,0.29999999999999993,0.00044999999999999993,0.004627092123460661,-0.006778947484429421,0.011406039607890082,0.010956039607890081
2019-09-30,elastic_net,21,0.29999999999999993,0.00044999999999999993,0.03756279250996242,0.026422910211889805,0.011139882298072612,0.010689882298072611
2019-10-31,elastic_net,22,0.3,0.00045,-0.004340715644384839,-0.020831863285071694,0.016491147640686855,0.016041147640686856
2019-11-30,elastic_net,23,0.30000000000000004,0.0004500000000000001,0.04316563700139041,0.08276754630153937,-0.039601909300148966,-0.040051909300148965
2019-12-31,elastic_net,24,0.29999999999999993,0.00044999999999999993,-0.010495137860665166,-0.05242173869446265,0.041926600833797484,0.041476600833797485
2020-01-31,elastic_net,25,0.3,0.00045,0.13603538605625137,0.20628940927635986,-0.07025402322010849,-0.07070402322010849
2020-02-29,elastic_net,26,0.3,0.00045,-0.008252562481957883,-0.025565345396648786,0.017312782914690905,0.016862782914690906
2020-03-31,elastic_net,27,0.3,0.00045,0.00046808418772158796,0.03211634038341038,-0.03164825619568879,-0.03209825619568879
2020-04-30,elastic_net,28,0.29999999999999993,0.00044999999999999993,0.03228344851472046,0.057199812955161855,-0.024916364440441395,-0.025366364440441394
2020-05-31,elastic_net,29,0.3,0.00045,-0.025836539391962676,-0.026212308733187473,0.00037576934122479644,-7.423065877520355e-05
2020-06-30,elastic_net,30,0.30000000000000004,0.0004500000000000001,-0.04292755621766409,-0.07931075782483732,0.03638320160717323,0.03593320160717323
2020-07-31,elastic_net,31,0.30000000000000004,0.0004500000000000001,0.03400466946807264,0.05268245126237092,-0.018677781794298284,-0.019127781794298283
2020-08-31,elastic_net,32,0.29999999999999993,0.00044999999999999993,-0.010435864508175012,0.0013974513861791937,-0.011833315894354206,-0.012283315894354207
2020-09-30,elastic_net,33,0.3,0.00045,0.008727285891765664,0.019871407063151603,-0.011144121171385938,-0.011594121171385939
2020-10-31,elastic_net,34,0.29999999999999993,0.00044999999999999993,-0.03456950064312185,-0.02982820282665921,-0.004741297816462639,-0.005191297816462639
2020-11-30,elastic_net,35,0.30000000000000004,0.0004500000000000001,0.005281200015698646,0.027586693928902672,-0.022305493913204025,-0.022755493913204024
2020-12-31,elastic_net,36,0.29999999999999993,0.00044999999999999993,-0.039295666930742615,-0.07499691469737857,0.035701247766635955,0.035251247766635956
2021-01-31,elastic_net,37,0.30000000000000004,0.0004500000000000001,-0.0024176936889241537,-0.02999326406083025,0.027575570371906097,0.027125570371906098
2021-02-28,elastic_net,38,0.3,0.00045,0.019113510383439065,0.03586435611661476,-0.016750845733175694,-0.017200845733175693
2021-03-31,elastic_net,39,0.3,0.00045,0.0025285199208252545,0.008604421866381884,-0.006075901945556629,-0.006525901945556629
2021-04-30,elastic_net,40,0.30000000000000004,0.0004500000000000001,-0.005303947193700446,-0.014998363622247157,0.009694416428546711,0.00924441642854671
2021-05-31,elastic_net,41,0.3,0.00045,0.024446457776979017,0.022443089413020978,0.002003368363958039,0.0015533683639580393
2021-06-30,elastic_net,42,0.29999999999999993,0.00044999999999999993,-0.013803538376646622,-0.005397929929713774,-0.008405608446932849,-0.00885560844693285
2021-07-31,elastic_net,43,0.29999999999999993,0.00044999999999999993,0.009992695228259562,0.03672113314770997,-0.026728437919450412,-0.02717843791945041
2021-08-31,elastic_net,44,0.3,0.00045,-0.016587107700788323,0.004958634316195143,-0.021545742016983466,-0.021995742016983465
2021-09-30,elastic_net,45,0.3,0.00045,-0.058490950447104124,-0.07891389414562822,0.02042294369852409,0.019972943698524093
2021-10-31,elastic_net,46,0.30000000000000004,0.0004500000000000001,0.009245096132937832,0.036829333954342625,-0.027584237821404792,-0.02803423782140479
2021-11-30,elastic_net,47,0.3,0.00045,-0.013170659033715552,-0.061509327345875664,0.04833866831216011,0.04788866831216011
2021-12-31,elastic_net,48,0.29999999999999993,0.00044999999999999993,0.008393703826124553,0.044028791966112424,-0.03563508813998787,-0.03608508813998787
2022-01-31,elastic_net,49,0.30000000000000004,0.0004500000000000001,-0.007469283543803008,-0.0008510858214244577,-0.00661819772237855,-0.00706819772237855
2022-02-28,elastic_net,50,0.30000000000000004,0.0004500000000000001,-0.03602635107025364,-0.026870553179337953,-0.009155797890915689,-0.00960579789091569
2022-03-31,elastic_net,51,0.30000000000000004,0.0004500000000000001,-0.060784455141115495,-0.09731932174365543,0.036534866602539934,0.036084866602539935
2022-04-30,elastic_net,52,0.30000000000000004,0.0004500000000000001,0.015135456207032851,0.004759309972923953,0.010376146234108898,0.009926146234108897
2022-05-31,elastic_net,53,0.29999999999999993,0.00044999999999999993,0.05414057609031661,0.05264176897847572,0.0014988071118408886,0.0010488071118408887
2022-06-30,elastic_net,54,0.29999999999999993,0.00044999999999999993,0.015040444561284505,-0.002220768842822851,0.017261213404107356,0.016811213404107357
2022-07-31,elastic_net,55,0.29999999999999993,0.00044999999999999993,0.02763401695762028,0.06488301867309398,-0.037249001715473705,-0.037699001715473704
2022-08-31,elastic_net,56,0.29999999999999993,0.00044999999999999993,0.015490074166507177,-0.0027722482764277467,0.018262322442934922,0.017812322442934923
2022-09-30,elastic_net,57,0.3,0.00045,0.03965726726088337,0.04500046768638555,-0.0053432004255021745,-0.005793200425502174
2022-10-31,elastic_net,58,0.3,0.00045,-0.024159090501045578,-0.00041744069451665755,-0.02374164980652892,-0.02419164980652892
2022-11-30,elastic_net,59,0.3,0.00045,-0.020959120137250514,-0.03858339949346057,0.017624279356210054,0.017174279356210055
2022-12-31,elastic_net,60,0.29999999999999993,0.00044999999999999993,0.05040957119376311,0.030265426750865743,0.020144144442897367,0.01969414444289737
2023-01-31,elastic_net,61,0.30000000000000004,0.0004500000000000001,0.030375565631548942,0.02906442677673282,0.0013111388548161206,0.0008611388548161205
2023-02-28,elastic_net,62,0.30000000000000004,0.0004500000000000001,0.012691291218934257,0.06827306537062472,-0.055581774151690466,-0.056031774151690465
2023-03-31,elastic_net,63,0.29999999999999993,0.00044999999999999993,0.009409101011236431,0.003881174438663537,0.005527926572572894,0.0050779265725728944
2023-04-30,elastic_net,64,0.30000000000000004,0.0004500000000000001,0.001156517851083647,0.014996536940373728,-0.01384001908929008,-0.014290019089290082
2023-05-31,elastic_net,65,0.30000000000000004,0.0004500000000000001,-0.0279170451750207,-0.05818698926351773,0.03026994408849703,0.02981994408849703
2023-06-30,elastic_net,66,0.30000000000000004,0.0004500000000000001,0.037550354406648084,0.037035212351905544,0.00051514205474254,6.514205474253995e-05
2023-07-31,elastic_net,67,0.3,0.00045,-0.00906845560689936,-0.007250129348272738,-0.0018183262586266222,-0.002268326258626622
2023-08-31,elastic_net,68,0.3,0.00045,0.004144154257378495,-0.006000359609121264,0.010144513866499758,0.009694513866499757
2023-09-30,elastic_net,69,0.3,0.00045,0.0053055745783709505,0.037204166752047296,-0.03189859217367635,-0.03234859217367635
2023-10-31,elastic_net,70,0.29999999999999993,0.00044999999999999993,-0.05580412931026481,-0.0586962925141028,0.0028921632038379913,0.0024421632038379914
2023-11-30,elastic_net,71,0.30000000000000004,0.0004500000000000001,-0.04796837281567653,-0.07521031853167803,0.027241945716001505,0.026791945716001506
2023-12-31,elastic_net,72,0.29999999999999993,0.00044999999999999993,0.011991202467817154,0.03250623188968271,-0.02051502942186556,-0.02096502942186556
2024-01-31,elastic_net,73,0.29999999999999993,0.00044999999999999993,-0.0019314295437126107,0.029609631310261397,-0.031541060853974005,-0.031991060853974004
2024-02-29,elastic_net,74,0.3,0.00045,-0.027600618091376317,-0.027896037582428534,0.0002954194910522179,-0.0001545805089477821
2024-03-31,elastic_net,75,0.29999999999999993,0.00044999999999999993,-0.008615502720705584,-0.031404202074162724,0.02278869935345714,0.022338699353457142
2024-04-30,elastic_net,76,0.30000000000000004,0.0004500000000000001,0.0006026855192603955,-0.0007650878939371442,0.0013677734131975396,0.0009177734131975395
2024-05-31,elastic_net,77,0.30000000000000004,0.0004500000000000001,0.027924087026002575,0.03051703946249873,-0.0025929524364961543,-0.003042952436496154
2024-06-30,elastic_net,78,0.29999999999999993,0.00044999999999999993,0.03878071187616193,0.04673890925796087,-0.00795819738179894,-0.00840819738179894
2024-07-31,elastic_net,79,0.30000000000000004,0.0004500000000000001,0.014291737695928751,0.0004382251100383261,0.013853512585890425,0.013403512585890424
2024-08-31,elastic_net,80,0.3,0.00045,0.0012904716740712637,0.01468147175250989,-0.013391000078438626,-0.013841000078438626
2024-09-30,elastic_net,81,0.30000000000000004,0.0004500000000000001,0.009650774149099678,0.014030386807651896,-0.004379612658552218,-0.004829612658552218
2024-10-31,elastic_net,82,0.30000000000000004,0.0004500000000000001,-0.033177374260094455,-0.04170152513890424,0.008524150878809783,0.008074150878809782
2024-11-30,elastic_net,83,0.30000000000000004,0.0004500000000000001,-0.00998993677344006,-0.012875411540156367,0.0028854747667163075,0.0024354747667163076
2018-01-31,factor_sort,1,0.5,0.00075,0.043607090215103415,0.050692992550622096,-0.00708590233551868,-0.007835902335518681
2018-02-28,factor_sort,2,0.3,0.00045,0.007415132735091273,0.026913263840617985,-0.01949813110552671,-0.01994813110552671
2018-03-31,factor_sort,3,0.29999999999999993,0.00044999999999999993,0.011544552664090784,0.007200759526716283,0.004343793137374501,0.003893793137374501
2018-04-30,factor_sort,4,0.30000000000000004,0.0004500000000000001,0.010143679677868216,0.0032705554632528333,0.006873124214615382,0.006423124214615382
2018-05-31,factor_sort,5,0.30000000000000004,0.0004500000000000001,-0.001628605179514955,0.016522982687954713,-0.01815158786746967,-0.01860158786746967
2018-06-30,factor_sort,6,0.29999999999999993,0.00044999999999999993,-0.003339300888466904,0.00010127496182588125,-0.0034405758502927854,-0.0038905758502927852
2018-07-31,factor_sort,7,0.3000000000000001,0.0004500000000000002,0.02061208075955271,0.01964101784757255,0.0009710629119801598,0.0005210629119801596
2018-08-31,factor_sort,8,0.29999999999999993,0.00044999999999999993,0.011778235667871244,0.01655082982396716,-0.004772594156095917,-0.005222594156095917
2018-09-30,factor_sort,9,0.30000000000000004,0.0004500000000000001,-0.009785915524140036,0.003673870205890495,-0.013459785730030531,-0.013909785730030532
2018-10-31,factor_sort,10,0.29999999999999993,0.00044999999999999993,-0.020795199673468386,-0.028088136276895548,0.007292936603427162,0.006842936603427162
2018-11-30,factor_sort,11,0.29999999999999993,0.00044999999999999993,-0.035465692747520386,-0.060830953260451626,0.02536526051293124,0.02491526051293124
2018-12-31,factor_sort,12,0.30000000000000004,0.0004500000000000001,0.0068843181191416206,0.014478439921539188,-0.007594121802397567,-0.008044121802397568
2019-01-31,factor_sort,13,0.3000000000000001,0.0004500000000000002,-0.04216039001848944,-0.05462296755317542,0.012462577534685979,0.012012577534685978
2019-02-28,factor_sort,14,0.3,0.00045,-0.013359959085475038,-0.03888030494110195,0.025520345855626913,0.025070345855626914
2019-03-31,factor_sort,15,0.29999999999999993,0.00044999999999999993,-0.019548043492321966,0.020652616496963816,-0.04020065998928578,-0.04065065998928578
2019-04-30,factor_sort,16,0.3,0.00045,-0.012598347484658092,-0.03256664946755383,0.019968301982895738,0.01951830198289574
2019-05-31,factor_sort,17,0.3,0.00045,0.04766632901597952,0.054542885230214555,-0.006876556214235038,-0.007326556214235038
2019-06-30,factor_sort,18,0.3,0.00045,-0.007066728987014541,-0.018891992469643126,0.011825263482628585,0.011375263482628585
2019-07-31,factor_sort,19,0.3,0.00045,0.0165654485541407,0.016393492059751047,0.00017195649438965163,-0.00027804350561034836
2019-08-31,factor_sort,20,0.30000000000000004,0.0004500000000000001,0.0006625914855161053,-0.006778947484429421,0.007441538969945526,0.006991538969945526
2019-09-30,factor_sort,21,0.30000000000000004,0.0004500000000000001,0.0311137150745971,0.026422910211889805,0.004690804862707294,0.004240804862707294
2019-10-31,factor_sort,22,0.30000000000000004,0.0004500000000000001,-0.003184182787664463,-0.020831863285071694,0.017647680497407232,0.017197680497407233
2019-11-30,factor_sort,23,0.3,0.00045,0.051646012310424275,0.08276754630153937,-0.0311215339911151,-0.0315715339911151
2019-12-31,factor_sort,24,0.29999999999999993,0.00044999999999999993,0.006196579914426572,-0.05242173869446265,0.05861831860888922,0.05816831860888922
2020-01-31,factor_sort,25,0.3,0.00045,0.14097050598796376,0.20628940927635986,-0.0653189032883961,-0.0657689032883961
2020-02-29,factor_sort,26,0.3,0.00045,-0.008248970633526835,-0.025565345396648786,0.01731637476312195,0.01686637476312195
2020-03-31,factor_sort,27,0.3,0.00045,0.0025157003198354446,0.03211634038341038,-0.029600640063574934,-0.030050640063574934
2020-04-30,factor_sort,28,0.30000000000000004,0.0004500000000000001,0.03101234227799416,0.057199812955161855,-0.026187470677167694,-0.026637470677167693
2020-05-31,factor_sort,29,0.3,0.00045,-0.02484527414978416,-0.026212308733187473,0.0013670345834033114,0.0009170345834033114
2020-06-30,factor_sort,30,0.30000000000000004,0.0004500000000000001,-0.05867645817998599,-0.07931075782483732,0.020634299644851327,0.020184299644851328
2020-07-31,factor_sort,31,0.3,0.00045,0.04140083742504895,0.05268245126237092,-0.011281613837321972,-0.011731613837321972
2020-08-31,factor_sort,32,0.30000000000000004,0.0004500000000000001,0.0012587771662211367,0.0013974513861791937,-0.00013867421995805707,-0.0005886742199580572
2020-09-30,factor_sort,33,0.3,0.00045,0.015360391413110087,0.019871407063151603,-0.004511015650041516,-0.0049610156500415154
2020-10-31,factor_sort,34,0.30000000000000004,0.0004500000000000001,-0.029410604384172125,-0.02982820282665921,0.00041759844248708683,-3.240155751291327e-05
2020-11-30,factor_sort,35,0.26771772459567167,0.0004015765868935075,-0.0015740350955762905,0.027586693928902672,-0.029160729024478964,-0.02956230561137247
2020-12-31,factor_sort,36,0.29999999999999993,0.00044999999999999993,-0.034020471283362115,-0.07499691469737857,0.040976443414016454,0.040526443414016455
2021-01-31,factor_sort,37,0.30000000000000004,0.0004500000000000001,-0.010508818392294766,-0.02999326406083025,0.019484445668535483,0.019034445668535484
2021-02-28,factor_sort,38,0.29999999999999993,0.00044999999999999993,0.024425058241194446,0.03586435611661476,-0.011439297875420314,-0.011889297875420314
2021-03-31,factor_sort,39,0.3,0.00045,-0.00027099774816031087,0.008604421866381884,-0.008875419614542194,-0.009325419614542195
2021-04-30,factor_sort,40,0.3,0.00045,-0.01878546123933454,-0.014998363622247157,-0.0037870976170873843,-0.004237097617087384
2021-05-31,factor_sort,41,0.30000000000000004,0.0004500000000000001,0.03353302602313664,0.022443089413020978,0.011089936610115661,0.01063993661011566
2021-06-30,factor_sort,42,0.29999999999999993,0.00044999999999999993,-0.013168073291124694,-0.005397929929713774,-0.0077701433614109205,-0.008220143361410921
2021-07-31,factor_sort,43,0.30000000000000004,0.0004500000000000001,0.007710738106406605,0.03672113314770997,-0.02901039504130337,-0.029460395041303367
2021-08-31,factor_sort,44,0.3,0.00045,-0.023924952289838878,0.004958634316195143,-0.02888358660603402,-0.02933358660603402
2021-09-30,factor_sort,45,0.29999999999999993,0.00044999999999999993,-0.056833664632509856,-0.07891389414562822,0.02208022951311836,0.02163022951311836
2021-10-31,factor_sort,46,0.30000000000000004,0.0004500000000000001,0.012274152934571209,0.036829333954342625,-0.024555181019771416,-0.025005181019771415
2021-11-30,factor_sort,47,0.29999999999999993,0.00044999999999999993,-0.021725351261979584,-0.061509327345875664,0.03978397608389608,0.039333976083896084
2021-12-31,factor_sort,48,0.30000000000000004,0.0004500000000000001,0.011714466408731104,0.044028791966112424,-0.03231432555738132,-0.03276432555738132
2022-01-31,factor_sort,49,0.3,0.00045,-0.0005013334713776102,-0.0008510858214244577,0.00034975235004684746,-0.00010024764995315253
2022-02-28,factor_sort,50,0.29999999999999993,0.00044999999999999993,-0.03397358460641961,-0.026870553179337953,-0.0071030314270816575,-0.007553031427081657
2022-03-31,factor_sort,51,0.3,0.00045,-0.06192834660817097,-0.09731932174365543,0.03539097513548446,0.03494097513548446
2022-04-30,factor_sort,52,0.29999999999999993,0.00044999999999999993,0.022712667153163203,0.004759309972923953,0.01795335718023925,0.01750335718023925
2022-05-31,factor_sort,53,0.3,0.00045,0.05164768059484398,0.05264176897847572,-0.0009940883836317416,-0.0014440883836317414
2022-06-30,factor_sort,54,0.3,0.00045,0.008294825312102658,-0.002220768842822851,0.01051559415492551,0.010065594154925509
2022-07-31,factor_sort,55,0.3,0.00045,0.031747267447679306,0.06488301867309398,-0.03313575122541468,-0.03358575122541468
2022-08-31,factor_sort,56,0.29999999999999993,0.00044999999999999993,0.009483533241877676,-0.0027722482764277467,0.012255781518305423,0.011805781518305422
2022-09-30,factor_sort,57,0.3,0.00045,0.046104265432662675,0.04500046768638555,0.001103797746277127,0.000653797746277127
2022-10-31,factor_sort,58,0.30000000000000004,0.0004500000000000001,-0.022807981504709314,-0.00041744069451665755,-0.022390540810192656,-0.022840540810192655
2022-11-30,factor_sort,59,0.29999999999999993,0.00044999999999999993,-0.0257105486200093,-0.03858339949346057,0.012872850873451268,0.012422850873451267
2022-12-31,factor_sort,60,0.3,0.00045,0.0504404715965445,0.030265426750865743,0.02017504484567876,0.01972504484567876
2023-01-31,factor_sort,61,0.29999999999999993,0.00044999999999999993,0.023691337465743985,0.02906442677673282,-0.005373089310988836,-0.005823089310988836
2023-02-28,factor_sort,62,0.2999999999999999,0.0004499999999999998,0.008848143693004597,0.06827306537062472,-0.05942492167762012,-0.05987492167762012
2023-03-31,factor_sort,63,0.3,0.00045,0.008626773750768738,0.003881174438663537,0.004745599312105201,0.004295599312105201
2023-04-30,factor_sort,64,0.3,0.00045,-0.011413021043682484,0.014996536940373728,-0.02640955798405621,-0.02685955798405621
2023-05-31,factor_sort,65,0.30000000000000004,0.0004500000000000001,-0.027861073345127125,-0.05818698926351773,0.030325915918390605,0.029875915918390606
2023-06-30,factor_sort,66,0.3,0.00045,0.04038589416197992,0.037035212351905544,0.003350681810074377,0.002900681810074377
2023-07-31,factor_sort,67,0.3,0.00045,-0.006593495710933879,-0.007250129348272738,0.000656633637338859,0.000206633637338859
2023-08-31,factor_sort,68,0.30000000000000004,0.0004500000000000001,0.007566879852825539,-0.006000359609121264,0.013567239461946802,0.013117239461946801
2023-09-30,factor_sort,69,0.3,0.00045,-0.0008131451294758328,0.037204166752047296,-0.03801731188152313,-0.03846731188152313
2023-10-31,factor_sort,70,0.3,0.00045,-0.05705065080622174,-0.0586962925141028,0.0016456417078810626,0.0011956417078810627
2023-11-30,factor_sort,71,0.30000000000000004,0.0004500000000000001,-0.05623859655275566,-0.07521031853167803,0.01897172197892237,0.01852172197892237
2023-12-31,factor_sort,72,0.30000000000000004,0.0004500000000000001,0.014342801828964441,0.03250623188968271,-0.018163430060718272,-0.01861343006071827
2024-01-31,factor_sort,73,0.30000000000000004,0.0004500000000000001,0.00598293295847827,0.029609631310261397,-0.02362669835178313,-0.024076698351783127
2024-02-29,factor_sort,74,0.29999999999999993,0.00044999999999999993,-0.023833072015469338,-0.027896037582428534,0.004062965566959197,0.0036129655669591967
2024-03-31,factor_sort,75,0.3,0.00045,-0.004997038908563118,-0.031404202074162724,0.026407163165599608,0.02595716316559961
2024-04-30,factor_sort,76,0.29999999999999993,0.00044999999999999993,0.003821514499592815,-0.0007650878939371442,0.004586602393529959,0.004136602393529959
2024-05-31,factor_sort,77,0.3,0.00045,0.021733323164936022,0.03051703946249873,-0.008783716297562708,-0.009233716297562708
2024-06-30,factor_sort,78,0.3,0.00045,0.04053809783804337,0.04673890925796087,-0.006200811419917497,-0.006650811419917497
2024-07-31,factor_sort,79,0.29999999999999993,0.00044999999999999993,0.011824610418557861,0.0004382251100383261,0.011386385308519535,0.010936385308519534
2024-08-31,factor_sort,80,0.30000000000000004,0.0004500000000000001,0.00043415532784368913,0.01468147175250989,-0.014247316424666201,-0.014697316424666202
2024-09-30,factor_sort,81,0.30000000000000004,0.0004500000000000001,0.008845252259445836,0.014030386807651896,-0.00518513454820606,-0.0056351345482060595
2024-10-31,factor_sort,82,0.30000000000000004,0.0004500000000000001,-0.028821998283700037,-0.04170152513890424,0.012879526855204201,0.0124295268552042
2024-11-30,factor_sort,83,0.30000000000000004,0.0004500000000000001,-0.012378279896463245,-0.012875411540156367,0.0004971316436931227,4.713164369312263e-05
2018-01-31,gradient_boosting,1,0.5,0.00075,0.04403658136929775,0.050692992550622096,-0.006656411181324345,-0.007406411181324345
2018-02-28,gradient_boosting,2,0.29999999999999993,0.00044999999999999993,0.01139742168374131,0.026913263840617985,-0.015515842156876675,-0.015965842156876676
2018-03-31,gradient_boosting,3,0.30000000000000004,0.0004500000000000001,0.018358595732810956,0.007200759526716283,0.011157836206094673,0.010707836206094673
2018-04-30,gradient_boosting,4,0.3,0.00045,0.004327111176146106,0.0032705554632528333,0.0010565557128932729,0.0006065557128932729
2018-05-31,gradient_boosting,5,0.30000000000000004,0.0004500000000000001,-0.006918810438771008,0.016522982687954713,-0.023441793126725723,-0.02389179312672572
2018-06-30,gradient_boosting,6,0.29999999999999993,0.00044999999999999993,-0.005473859812012906,0.00010127496182588125,-0.005575134773838787,-0.006025134773838787
2018-07-31,gradient_boosting,7,0.29999999999999993,0.00044999999999999993,0.014354697603711185,0.01964101784757255,-0.005286320243861366,-0.005736320243861366
2018-08-31,gradient_boosting,8,0.30000000000000004,0.0004500000000000001,0.008861356138109993,0.01655082982396716,-0.007689473685857168,-0.00813947368585717
2018-09-30,gradient_boosting,9,0.30000000000000004,0.0004500000000000001,-0.0059536134428500725,0.003673870205890495,-0.009627483648740567,-0.010077483648740568
2018-10-31,gradient_boosting,10,0.30000000000000004,0.0004500000000000001,-0.0234422357908431,-0.028088136276895548,0.004645900486052446,0.004195900486052446
2018-11-30,gradient_boosting,11,0.29999999999999993,0.00044999999999999993,-0.026061338377740745,-0.060830953260451626,0.03476961488271088,0.03431961488271088
2018-12-31,gradient_boosting,12,0.3,0.00045,0.00714021543761285,0.014478439921539188,-0.007338224483926338,-0.007788224483926338
2019-01-31,gradient_boosting,13,0.2999999999999999,0.0004499999999999998,-0.04790453375139187,-0.05462296755317542,0.006718433801783545,0.006268433801783545
2019-02-28,gradient_boosting,14,0.3,0.00045,-0.0027748490859261206,-0.03888030494110195,0.03610545585517583,0.03565545585517583
2019-03-31,gradient_boosting,15,0.29999999999999993,0.00044999999999999993,-0.020632187114019238,0.020652616496963816,-0.04128480361098305,-0.04173480361098305
2019-04-30,gradient_boosting,16,0.3,0.00045,-0.01809888388723893,-0.03256664946755383,0.0144677655803149,0.0140177655803149
2019-05-31,gradient_boosting,17,0.30000000000000004,0.0004500000000000001,0.03828315038837971,0.054542885230214555,-0.016259734841834843,-0.016709734841834842
2019-06-30,gradient_boosting,18,0.30000000000000004,0.0004500000000000001,-0.010892092989525936,-0.018891992469643126,0.00799989948011719,0.0075498994801171905
2019-07-31,gradient_boosting,19,0.30000000000000004,0.0004500000000000001,0.016171417919543997,0.016393492059751047,-0.00022207414020705002,-0.0006720741402070501
2019-08-31,gradient_boosting,20,0.3,0.00045,0.002411617500725644,-0.006778947484429421,0.009190564985155065,0.008740564985155064
2019-09-30,gradient_boosting,21,0.3,0.00045,0.0314127037649934,0.026422910211889805,0.004989793553103597,0.004539793553103597
2019-10-31,gradient_boosting,22,0.30000000000000004,0.0004500000000000001,-0.010594599616316546,-0.020831863285071694,0.010237263668755148,0.009787263668755148
2019-11-30,gradient_boosting,23,0.30000000000000004,0.0004500000000000001,0.04491091899899936,0.08276754630153937,-0.03785662730254001,-0.03830662730254001
2019-12-31,gradient_boosting,24,0.3,0.00045,0.0022689425142821155,-0.05242173869446265,0.05469068120874476,0.05424068120874476
2020-01-31,gradient_boosting,25,0.3,0.00045,0.1382509348551114,0.20628940927635986,-0.06803847442124847,-0.06848847442124847
2020-02-29,gradient_boosting,26,0.29999999999999993,0.00044999999999999993,-0.012837526505438054,-0.025565345396648786,0.012727818891210732,0.012277818891210731
2020-03-31,gradient_boosting,27,0.3,0.00045,0.001994278223243186,0.03211634038341038,-0.030122062160167194,-0.030572062160167193
2020-04-30,gradient_boosting,28,0.3,0.00045,0.03524180128035142,0.057199812955161855,-0.021958011674810436,-0.022408011674810435
2020-05-31,gradient_boosting,29,0.3,0.00045,-0.02958557250230609,-0.026212308733187473,-0.0033732637691186174,-0.0038232637691186172
2020-06-30,gradient_boosting,30,0.30000000000000004,0.0004500000000000001,-0.045792269755504045,-0.07931075782483732,0.033518488069333274,0.033068488069333275
2020-07-31,gradient_boosting,31,0.30000000000000004,0.0004500000000000001,0.0339629728110646,0.05268245126237092,-0.018719478451306323,-0.019169478451306322
2020-08-31,gradient_boosting,32,0.30000000000000004,0.0004500000000000001,-0.001986745298764606,0.0013974513861791937,-0.0033841966849438,-0.0038341966849438002
2020-09-30,gradient_boosting,33,0.30000000000000004,0.0004500000000000001,0.012157058991315101,0.019871407063151603,-0.007714348071836501,-0.008164348071836502
2020-10-31,gradient_boosting,34,0.30000000000000004,0.0004500000000000001,-0.03509218973143621,-0.02982820282665921,-0.005263986904777002,-0.0057139869047770015
2020-11-30,gradient_boosting,35,0.29999999999999993,0.00044999999999999993,-0.0069658537889870226,0.027586693928902672,-0.034552547717889695,-0.035002547717889694
2020-12-31,gradient_boosting,36,0.3,0.00045,-0.03144982716337325,-0.07499691469737857,0.04354708753400532,0.04309708753400532
2021-01-31,gradient_boosting,37,0.30000000000000004,0.0004500000000000001,-0.012194751505785605,-0.02999326406083025,0.017798512555044645,0.017348512555044646
2021-02-28,gradient_boosting,38,0.3,0.00045,0.022670898693603215,0.03586435611661476,-0.013193457423011545,-0.013643457423011545
2021-03-31,gradient_boosting,39,0.29999999999999993,0.00044999999999999993,0.001494129730979888,0.008604421866381884,-0.007110292135401996,-0.007560292135401996
2021-04-30,gradient_boosting,40,0.29999999999999993,0.00044999999999999993,-0.01875167065469926,-0.014998363622247157,-0.0037533070324521044,-0.004203307032452104
2021-05-31,gradient_boosting,41,0.29999999999999993,0.00044999999999999993,0.022382399836537593,0.022443089413020978,-6.068957648338452e-05,-0.0005106895764833844
2021-06-30,gradient_boosting,42,0.29999999999999993,0.00044999999999999993,-0.017297074459989993,-0.005397929929713774,-0.01189914453027622,-0.01234914453027622
2021-07-31,gradient_boosting,43,0.3,0.00045,0.014444747314298092,0.03672113314770997,-0.02227638583341188,-0.02272638583341188
2021-08-31,gradient_boosting,44,0.30000000000000004,0.0004500000000000001,-0.023891561766283535,0.004958634316195143,-0.028850196082478678,-0.029300196082478677
2021-09-30,gradient_boosting,45,0.29999999999999993,0.00044999999999999993,-0.053325430146237036,-0.07891389414562822,0.02558846399939118,0.02513846399939118
2021-10-31,gradient_boosting,46,0.29999999999999993,0.00044999999999999993,0.0033797489701870038,0.036829333954342625,-0.03344958498415562,-0.03389958498415562
2021-11-30,gradient_boosting,47,0.30000000000000004,0.0004500000000000001,-0.022564527682553896,-0.061509327345875664,0.03894479966332177,0.03849479966332177
2021-12-31,gradient_boosting,48,0.3,0.00045,0.01095463326355198,0.044028791966112424,-0.03307415870256045,-0.033524158702560446
2022-01-31,gradient_boosting,49,0.3,0.00045,-0.0031835465643869952,-0.0008510858214244577,-0.0023324607429625376,-0.0027824607429625375
2022-02-28,gradient_boosting,50,0.3,0.00045,-0.04145507940351409,-0.026870553179337953,-0.014584526224176136,-0.015034526224176137
2022-03-31,gradient_boosting,51,0.30000000000000004,0.0004500000000000001,-0.05557727917107057,-0.09731932174365543,0.04174204257258486,0.04129204257258486
2022-04-30,gradient_boosting,52,0.3,0.00045,0.01740491537797461,0.004759309972923953,0.012645605405050657,0.012195605405050656
2022-05-31,gradient_boosting,53,0.3,0.00045,0.04416594037720139,0.05264176897847572,-0.008475828601274334,-0.008925828601274334
2022-06-30,gradient_boosting,54,0.29999999999999993,0.00044999999999999993,0.0052648390807683645,-0.002220768842822851,0.007485607923591216,0.007035607923591216
2022-07-31,gradient_boosting,55,0.3,0.00045,0.035881938156791846,0.06488301867309398,-0.02900108051630214,-0.029451080516302137
2022-08-31,gradient_boosting,56,0.29999999999999993,0.00044999999999999993,0.015135488950595464,-0.0027722482764277467,0.017907737227023213,0.017457737227023214
2022-09-30,gradient_boosting,57,0.30000000000000004,0.0004500000000000001,0.03604267875346841,0.04500046768638555,-0.00895778893291714,-0.009407788932917141
2022-10-31,gradient_boosting,58,0.3,0.00045,-0.02247204449753304,-0.00041744069451665755,-0.02205460380301638,-0.02250460380301638
2022-11-30,gradient_boosting,59,0.29999999999999993,0.00044999999999999993,-0.02164335739874177,-0.03858339949346057,0.016940042094718798,0.0164900420947188
2022-12-31,gradient_boosting,60,0.29999999999999993,0.00044999999999999993,0.039771480798284235,0.030265426750865743,0.009506054047418493,0.009056054047418492
2023-01-31,gradient_boosting,61,0.3,0.00045,0.023833777889339647,0.02906442677673282,-0.005230648887393174,-0.005680648887393174
2023-02-28,gradient_boosting,62,0.3,0.00045,0.018921656977487697,0.06827306537062472,-0.04935140839313702,-0.04980140839313702
2023-03-31,gradient_boosting,63,0.3,0.00045,0.009345409030857203,0.003881174438663537,0.005464234592193666,0.005014234592193666
2023-04-30,gradient_boosting,64,0.30000000000000004,0.0004500000000000001,-0.0023114800890071483,0.014996536940373728,-0.017308017029380875,-0.017758017029380874
2023-05-31,gradient_boosting,65,0.3,0.00045,-0.027445507439609097,-0.05818698926351773,0.030741481823908633,0.030291481823908634
2023-06-30,gradient_boosting,66,0.3,0.00045,0.03661066911186356,0.037035212351905544,-0.00042454324004198574,-0.0008745432400419857
2023-07-31,gradient_boosting,67,0.29999999999999993,0.00044999999999999993,-0.002249993880897599,-0.007250129348272738,0.00500013546737514,0.00455013546737514
2023-08-31,gradient_boosting,68,0.29999999999999993,0.00044999999999999993,0.005430464331650057,-0.006000359609121264,0.011430823940771322,0.010980823940771321
2023-09-30,gradient_boosting,69,0.3,0.00045,-0.004140804117854575,0.037204166752047296,-0.04134497086990187,-0.04179497086990187
2023-10-31,gradient_boosting,70,0.3,0.00045,-0.056357288241779505,-0.0586962925141028,0.0023390042723232946,0.0018890042723232947
2023-11-30,gradient_boosting,71,0.29999999999999993,0.00044999999999999993,-0.04374543700120587,-0.07521031853167803,0.031464881530472166,0.031014881530472167
2023-12-31,gradient_boosting,72,0.3,0.00045,0.008664499732555238,0.03250623188968271,-0.023841732157127475,-0.024291732157127474
2024-01-31,gradient_boosting,73,0.3,0.00045,-0.002405456718542376,0.029609631310261397,-0.032015088028803776,-0.032465088028803775
2024-02-29,gradient_boosting,74,0.30000000000000004,0.0004500000000000001,-0.028136300182444205,-0.027896037582428534,-0.0002402626000156706,-0.0006902626000156707
2024-03-31,gradient_boosting,75,0.3,0.00045,-0.009566142952841323,-0.031404202074162724,0.0218380591213214,0.021388059121321402
2024-04-30,gradient_boosting,76,0.3,0.00045,-0.00033090168488191483,-0.0007650878939371442,0.0004341862090552293,-1.5813790944770663e-05
2024-05-31,gradient_boosting,77,0.30000000000000004,0.0004500000000000001,0.024868129313815875,0.03051703946249873,-0.005648910148682854,-0.006098910148682854
2024-06-30,gradient_boosting,78,0.30000000000000004,0.0004500000000000001,0.03710892813359546,0.04673890925796087,-0.00962998112436541,-0.01007998112436541
2024-07-31,gradient_boosting,79,0.30000000000000004,0.0004500000000000001,0.019667999558496845,0.0004382251100383261,0.01922977444845852,0.01877977444845852
2024-08-31,gradient_boosting,80,0.3,0.00045,-0.005085397093357653,0.01468147175250989,-0.019766868845867543,-0.02021686884586754
2024-09-30,gradient_boosting,81,0.29999999999999993,0.00044999999999999993,0.017435154148643644,0.014030386807651896,0.0034047673409917482,0.0029547673409917484
2024-10-31,gradient_boosting,82,0.29999999999999993,0.00044999999999999993,-0.032436559052462184,-0.04170152513890424,0.009264966086442054,0.008814966086442054
2024-11-30,gradient_boosting,83,0.29999999999999993,0.00044999999999999993,-0.011433580826762418,-0.012875411540156367,0.0014418307133939497,0.0009918307133939498
2018-01-31,linear,1,0.5,0.00075,0.04423406190425658,0.050692992550622096,-0.006458930646365518,-0.007208930646365518
2018-02-28,linear,2,0.29999999999999993,0.00044999999999999993,0.012282221718563278,0.026913263840617985,-0.014631042122054707,-0.015081042122054708
2018-03-31,linear,3,0.30000000000000004,0.0004500000000000001,0.00981831892446468,0.007200759526716283,0.002617559397748397,0.002167559397748397
2018-04-30,linear,4,0.29999999999999993,0.00044999999999999993,0.015389541934958867,0.0032705554632528333,0.012118986471706034,0.011668986471706033
2018-05-31,linear,5,0.3,0.00045,0.008480975482785393,0.016522982687954713,-0.00804200720516932,-0.00849200720516932
2018-06-30,linear,6,0.3,0.00045,-0.0011562266464606773,0.00010127496182588125,-0.0012575016082865586,-0.0017075016082865584
2018-07-31,linear,7,0.3,0.00045,0.028859035934098005,0.01964101784757255,0.009218018086525455,0.008768018086525454
2018-08-31,linear,8,0.3,0.00045,0.02240707901587894,0.01655082982396716,0.005856249191911779,0.005406249191911779
2018-09-30,linear,9,0.3,0.00045,-0.010353514482711322,0.003673870205890495,-0.014027384688601817,-0.014477384688601817
2018-10-31,linear,10,0.3,0.00045,-0.027352586856511256,-0.028088136276895548,0.0007355494203842919,0.0002855494203842919
2018-11-30,linear,11,0.3,0.00045,-0.01863176005078368,-0.060830953260451626,0.042199193209667946,0.04174919320966795
2018-12-31,linear,12,0.3,0.00045,0.003624752598230391,0.014478439921539188,-0.010853687323308797,-0.011303687323308798
2019-01-31,linear,13,0.3,0.00045,-0.04995299359126295,-0.05462296755317542,0.004669973961912467,0.004219973961912467
2019-02-28,linear,14,0.29999999999999993,0.00044999999999999993,0.0008449828541245872,-0.03888030494110195,0.039725287795226535,0.039275287795226536
2019-03-31,linear,15,0.29999999999999993,0.00044999999999999993,-0.00855029610736351,0.020652616496963816,-0.029202912604327325,-0.029652912604327324
2019-04-30,linear,16,0.3,0.00045,-0.01977272560207488,-0.03256664946755383,0.012793923865478951,0.01234392386547895
2019-05-31,linear,17,0.3,0.00045,0.03941098846243672,0.054542885230214555,-0.015131896767777833,-0.015581896767777834
2019-06-30,linear,18,0.30000000000000004,0.0004500000000000001,-0.006972248142617121,-0.018891992469643126,0.011919744327026006,0.011469744327026006
2019-07-31,linear,19,0.3,0.00045,0.02048526552182541,0.016393492059751047,0.004091773462074361,0.0036417734620743615
2019-08-31,linear,20,0.3,0.00045,0.002796609825024632,-0.006778947484429421,0.009575557309454053,0.009125557309454052
2019-09-30,linear,21,0.30000000000000004,0.0004500000000000001,0.028935672603937986,0.026422910211889805,0.0025127623920481804,0.0020627623920481805
2019-10-31,linear,22,0.3,0.00045,-0.011218161689958359,-0.020831863285071694,0.009613701595113336,0.009163701595113335
2019-11-30,linear,23,0.30000000000000004,0.0004500000000000001,0.04513856654517663,0.08276754630153937,-0.03762897975636274,-0.03807897975636274
2019-12-31,linear,24,0.30000000000000004,0.0004500000000000001,-0.004838955549381793,-0.05242173869446265,0.047582783145080854,0.047132783145080855
2020-01-31,linear,25,0.30000000000000004,0.0004500000000000001,0.13521883879378382,0.20628940927635986,-0.07107057048257603,-0.07152057048257604
2020-02-29,linear,26,0.3,0.00045,-0.01502006474100626,-0.025565345396648786,0.010545280655642527,0.010095280655642526
2020-03-31,linear,27,0.29999999999999993,0.00044999999999999993,0.0010880679521239039,0.03211634038341038,-0.031028272431286474,-0.03147827243128647
2020-04-30,linear,28,0.3,0.00045,0.03627528142244391,0.057199812955161855,-0.020924531532717942,-0.02137453153271794
2020-05-31,linear,29,0.29999999999999993,0.00044999999999999993,-0.030700972263851684,-0.026212308733187473,-0.004488663530664211,-0.004938663530664211
2020-06-30,linear,30,0.29999999999999993,0.00044999999999999993,-0.04529882641555838,-0.07931075782483732,0.03401193140927894,0.03356193140927894
2020-07-31,linear,31,0.3,0.00045,0.03449245411315126,0.05268245126237092,-0.018189997149219664,-0.018639997149219663
2020-08-31,linear,32,0.3,0.00045,-0.007724554938535051,0.0013974513861791937,-0.009122006324714244,-0.009572006324714244
2020-09-30,linear,33,0.3,0.00045,0.00885999913845925,0.019871407063151603,-0.011011407924692353,-0.011461407924692354
2020-10-31,linear,34,0.30000000000000004,0.0004500000000000001,-0.03405055285016788,-0.02982820282665921,-0.004222350023508667,-0.004672350023508667
2020-11-30,linear,35,0.3,0.00045,0.0033904923370068436,0.027586693928902672,-0.024196201591895828,-0.024646201591895827
2020-12-31,linear,36,0.30000000000000004,0.0004500000000000001,-0.03784197965317179,-0.07499691469737857,0.03715493504420678,0.03670493504420678
2021-01-31,linear,37,0.3,0.00045,-0.003526534984535106,-0.02999326406083025,0.026466729076295145,0.026016729076295146
2021-02-28,linear,38,0.3,0.00045,0.019491513059846186,0.03586435611661476,-0.016372843056768574,-0.016822843056768573
2021-03-31,linear,39,0.3,0.00045,0.005126577652562409,0.008604421866381884,-0.003477844213819475,-0.003927844213819475
2021-04-30,linear,40,0.30000000000000004,0.0004500000000000001,-0.008809996304658695,-0.014998363622247157,0.006188367317588463,0.005738367317588463
2021-05-31,linear,41,0.29999999999999993,0.00044999999999999993,0.03321979047296975,0.022443089413020978,0.010776701059948775,0.010326701059948774
2021-06-30,linear,42,0.30000000000000004,0.0004500000000000001,-0.009686861893034608,-0.005397929929713774,-0.004288931963320834,-0.004738931963320834
2021-07-31,linear,43,0.3,0.00045,0.007893818756233503,0.03672113314770997,-0.02882731439147647,-0.029277314391476468
2021-08-31,linear,44,0.30000000000000004,0.0004500000000000001,-0.019614790943722128,0.004958634316195143,-0.02457342525991727,-0.02502342525991727
2021-09-30,linear,45,0.30000000000000004,0.0004500000000000001,-0.05825599414890849,-0.07891389414562822,0.020657899996719728,0.02020789999671973
2021-10-31,linear,46,0.3,0.00045,0.009149563213818985,0.036829333954342625,-0.027679770740523642,-0.02812977074052364
2021-11-30,linear,47,0.3,0.00045,-0.013805594510316252,-0.061509327345875664,0.04770373283555941,0.04725373283555941
2021-12-31,linear,48,0.3,0.00045,0.007447124516038887,0.044028791966112424,-0.03658166745007354,-0.03703166745007354
2022-01-31,linear,49,0.3,0.00045,-0.00639096877683854,-0.0008510858214244577,-0.005539882955414082,-0.005989882955414082
2022-02-28,linear,50,0.3,0.00045,-0.03326770914176998,-0.026870553179337953,-0.0063971559624320246,-0.0068471559624320244
2022-03-31,linear,51,0.30000000000000004,0.0004500000000000001,-0.06168696961075225,-0.09731932174365543,0.03563235213290318,0.03518235213290318
2022-04-30,linear,52,0.30000000000000004,0.0004500000000000001,0.013825261427415945,0.004759309972923953,0.009065951454491992,0.008615951454491991
2022-05-31,linear,53,0.3,0.00045,0.05507996553914004,0.05264176897847572,0.002438196560664317,0.0019881965606643173
2022-06-30,linear,54,0.29999999999999993,0.00044999999999999993,0.01564946995136673,-0.002220768842822851,0.017870238794189582,0.017420238794189583
2022-07-31,linear,55,0.29999999999999993,0.00044999999999999993,0.032924396663364344,0.06488301867309398,-0.03195862200972964,-0.03240862200972964
2022-08-31,linear,56,0.29999999999999993,0.00044999999999999993,0.014632748375481959,-0.0027722482764277467,0.017404996651909706,0.016954996651909707
2022-09-30,linear,57,0.3,0.00045,0.040233988331243184,0.04500046768638555,-0.004766479355142364,-0.005216479355142364
2022-10-31,linear,58,0.3,0.00045,-0.021373281042282432,-0.00041744069451665755,-0.020955840347765774,-0.021405840347765773
2022-11-30,linear,59,0.30000000000000004,0.0004500000000000001,-0.020210552564166318,-0.03858339949346057,0.01837284692929425,0.017922846929294252
2022-12-31,linear,60,0.3,0.00045,0.050373719146854165,0.030265426750865743,0.020108292395988422,0.019658292395988423
2023-01-31,linear,61,0.30000000000000004,0.0004500000000000001,0.030117719052051732,0.02906442677673282,0.0010532922753189108,0.0006032922753189107
2023-02-28,linear,62,0.3,0.00045,0.011568903738338916,0.06827306537062472,-0.0567041616322858,-0.0571541616322858
2023-03-31,linear,63,0.29999999999999993,0.00044999999999999993,0.009761870570722512,0.003881174438663537,0.005880696132058974,0.0054306961320589745
2023-04-30,linear,64,0.30000000000000004,0.0004500000000000001,0.0009844285744829374,0.014996536940373728,-0.01401210836589079,-0.014462108365890791
2023-05-31,linear,65,0.29999999999999993,0.00044999999999999993,-0.027360664752381005,-0.05818698926351773,0.030826324511136725,0.030376324511136726
2023-06-30,linear,66,0.29999999999999993,0.00044999999999999993,0.03735672649039837,0.037035212351905544,0.0003215141384928233,-0.00012848586150717665
2023-07-31,linear,67,0.30000000000000004,0.0004500000000000001,-0.007932713021039435,-0.007250129348272738,-0.000682583672766697,-0.0011325836727666971
2023-08-31,linear,68,0.30000000000000004,0.0004500000000000001,0.002943832719051637,-0.006000359609121264,0.008944192328172902,0.008494192328172901
2023-09-30,linear,69,0.3,0.00045,0.0037801106848719557,0.037204166752047296,-0.03342405606717534,-0.03387405606717534
2023-10-31,linear,70,0.30000000000000004,0.0004500000000000001,-0.057316287390916015,-0.0586962925141028,0.0013800051231867838,0.0009300051231867837
2023-11-30,linear,71,0.3,0.00045,-0.04677617067340713,-0.07521031853167803,0.028434147858270906,0.027984147858270907
2023-12-31,linear,72,0.29999999999999993,0.00044999999999999993,0.013391418956909328,0.03250623188968271,-0.019114812932773385,-0.019564812932773384
2024-01-31,linear,73,0.30000000000000004,0.0004500000000000001,-0.0011110158848254472,0.029609631310261397,-0.030720647195086846,-0.031170647195086845
2024-02-29,linear,74,0.3,0.00045,-0.02818437712835318,-0.027896037582428534,-0.00028833954592464434,-0.0007383395459246443
2024-03-31,linear,75,0.3,0.00045,-0.007839544074678028,-0.031404202074162724,0.023564657999484696,0.023114657999484697
2024-04-30,linear,76,0.2999999999999999,0.0004499999999999998,0.0004963228053150442,-0.0007650878939371442,0.0012614106992521884,0.0008114106992521885
2024-05-31,linear,77,0.29999999999999993,0.00044999999999999993,0.028296697061235762,0.03051703946249873,-0.0022203424012629674,-0.0026703424012629673
2024-06-30,linear,78,0.30000000000000004,0.0004500000000000001,0.038583185299541016,0.04673890925796087,-0.008155723958419854,-0.008605723958419855
2024-07-31,linear,79,0.30000000000000004,0.0004500000000000001,0.01405735117812968,0.0004382251100383261,0.013619126068091354,0.013169126068091353
2024-08-31,linear,80,0.30000000000000004,0.0004500000000000001,0.0007609243961667327,0.01468147175250989,-0.013920547356343157,-0.014370547356343157
2024-09-30,linear,81,0.3,0.00045,0.008937621452640095,0.014030386807651896,-0.0050927653550118,-0.0055427653550118
2024-10-31,linear,82,0.30000000000000004,0.0004500000000000001,-0.032748029918568594,-0.04170152513890424,0.008953495220335644,0.008503495220335644
2024-11-30,linear,83,0.30000000000000004,0.0004500000000000001,-0.010233438011524468,-0.012875411540156367,0.0026419735286318993,0.0021919735286318994
2018-01-31,mlp,1,0.5,0.00075,0.039270683050666146,0.050692992550622096,-0.01142230949995595,-0.01217230949995595
2018-02-28,mlp,2,0.29999999999999993,0.00044999999999999993,0.007761046581068999,0.026913263840617985,-0.019152217259548986,-0.019602217259548985
2018-03-31,mlp,3,0.29999999999999993,0.00044999999999999993,0.014922646188675337,0.007200759526716283,0.007721886661959054,0.007271886661959054
2018-04-30,mlp,4,0.29999999999999993,0.00044999999999999993,0.0030754819896519916,0.0032705554632528333,-0.00019507347360084174,-0.0006450734736008416
2018-05-31,mlp,5,0.30000000000000004,0.0004500000000000001,-0.00869457570657671,0.016522982687954713,-0.025217558394531422,-0.02566755839453142
2018-06-30,mlp,6,0.30000000000000004,0.0004500000000000001,0.00860690642444316,0.00010127496182588125,0.00850563146261728,0.008055631462617278
2018-07-31,mlp,7,0.3,0.00045,0.02863505454442074,0.01964101784757255,0.00899403669684819,0.00854403669684819
2018-08-31,mlp,8,0.3,0.00045,0.009312731965152043,0.01655082982396716,-0.007238097858815119,-0.0076880978588151185
2018-09-30,mlp,9,0.3,0.00045,-0.006339949648668076,0.003673870205890495,-0.01001381985455857,-0.01046381985455857
2018-10-31,mlp,10,0.30000000000000004,0.0004500000000000001,-0.025813343102992777,-0.028088136276895548,0.0022747931739027713,0.0018247931739027712
2018-11-30,mlp,11,0.3,0.00045,-0.038083465321366,-0.060830953260451626,0.022747487939085625,0.022297487939085626
2018-12-31,mlp,12,0.30000000000000004,0.0004500000000000001,0.004288656532350114,0.014478439921539188,-0.010189783389189074,-0.010639783389189075
2019-01-31,mlp,13,0.30000000000000004,0.0004500000000000001,-0.054628349468033376,-0.05462296755317542,-5.381914857958969e-06,-0.00045538191485795907
2019-02-28,mlp,14,0.29999999999999993,0.00044999999999999993,-0.002138449170470593,-0.03888030494110195,0.036741855770631354,0.036291855770631355
2019-03-31,mlp,15,0.3,0.00045,-0.01267220336890164,0.020652616496963816,-0.033324819865865454,-0.03377481986586545
2019-04-30,mlp,16,0.29999999999999993,0.00044999999999999993,-0.01811069334511316,-0.03256664946755383,0.014455956122440671,0.01400595612244067
2019-05-31,mlp,17,0.29999999999999993,0.00044999999999999993,0.03752131656062273,0.054542885230214555,-0.017021568669591827,-0.017471568669591826
2019-06-30,mlp,18,0.29999999999999993,0.00044999999999999993,-0.012014670072282364,-0.018891992469643126,0.006877322397360762,0.006427322397360762
2019-07-31,mlp,19,0.3,0.00045,0.014016186103017036,0.016393492059751047,-0.002377305956734011,-0.002827305956734011
2019-08-31,mlp,20,0.29999999999999993,0.00044999999999999993,-0.009218742215219563,-0.006778947484429421,-0.0024397947307901423,-0.002889794730790142
2019-09-30,mlp,21,0.3,0.00045,0.027468404096918357,0.026422910211889805,0.001045493885028552,0.000595493885028552
2019-10-31,mlp,22,0.3,0.00045,-0.020408352051109163,-0.020831863285071694,0.0004235112339625313,-2.648876603746867e-05
2019-11-30,mlp,23,0.29999999999999993,0.00044999999999999993,0.055698895496203986,0.08276754630153937,-0.02706865080533539,-0.027518650805335387
2019-12-31,mlp,24,0.3,0.00045,0.008570562040883198,-0.05242173869446265,0.060992300735345846,0.06054230073534585
2020-01-31,mlp,25,0.30000000000000004,0.0004500000000000001,0.12795756548512377,0.20628940927635986,-0.07833184379123609,-0.0787818437912361
2020-02-29,mlp,26,0.3,0.00045,-0.022571890422949,-0.025565345396648786,0.002993454973699787,0.002543454973699787
2020-03-31,mlp,27,0.30000000000000004,0.0004500000000000001,0.009476942646043202,0.03211634038341038,-0.02263939773736718,-0.02308939773736718
2020-04-30,mlp,28,0.3,0.00045,0.021635366842913797,0.057199812955161855,-0.03556444611224806,-0.03601444611224806
2020-05-31,mlp,29,0.30000000000000004,0.0004500000000000001,-0.028956057431330014,-0.026212308733187473,-0.002743748698142541,-0.003193748698142541
2020-06-30,mlp,30,0.3,0.00045,-0.04815356099116183,-0.07931075782483732,0.031157196833675488,0.03070719683367549
2020-07-31,mlp,31,0.29999999999999993,0.00044999999999999993,0.03598876649533655,0.05268245126237092,-0.016693684767034374,-0.017143684767034373
2020-08-31,mlp,32,0.30000000000000004,0.0004500000000000001,0.000333395812989748,0.0013974513861791937,-0.0010640555731894457,-0.0015140555731894458
2020-09-30,mlp,33,0.30000000000000004,0.0004500000000000001,0.0035644787341967566,0.019871407063151603,-0.016306928328954848,-0.016756928328954847
2020-10-31,mlp,34,0.3,0.00045,-0.03311126699533613,-0.02982820282665921,-0.003283064168676922,-0.0037330641686769217
2020-11-30,mlp,35,0.29999999999999993,0.00044999999999999993,-0.0009283659832278321,0.027586693928902672,-0.028515059912130505,-0.028965059912130504
2020-12-31,mlp,36,0.3,0.00045,-0.02930420164833878,-0.07499691469737857,0.04569271304903979,0.04524271304903979
2021-01-31,mlp,37,0.3,0.00045,-0.010865291444189417,-0.02999326406083025,0.019127972616640832,0.018677972616640833
2021-02-28,mlp,38,0.3,0.00045,0.017559528193436116,0.03586435611661476,-0.018304827923178644,-0.018754827923178643
2021-03-31,mlp,39,0.29999999999999993,0.00044999999999999993,6.311397403348132e-05,0.008604421866381884,-0.008541307892348403,-0.008991307892348404
2021-04-30,mlp,40,0.30000000000000004,0.0004500000000000001,-0.020944345123664616,-0.014998363622247157,-0.005945981501417459,-0.006395981501417459
2021-05-31,mlp,41,0.29999999999999993,0.00044999999999999993,0.017890583298369064,0.022443089413020978,-0.004552506114651914,-0.005002506114651914
2021-06-30,mlp,42,0.30000000000000004,0.0004500000000000001,-0.011506871222723493,-0.005397929929713774,-0.006108941293009719,-0.0065589412930097185
2021-07-31,mlp,43,0.29999999999999993,0.00044999999999999993,0.014616151414959137,0.03672113314770997,-0.022104981732750835,-0.022554981732750834
2021-08-31,mlp,44,0.3,0.00045,-0.018832483837444458,0.004958634316195143,-0.0237911181536396,-0.0242411181536396
2021-09-30,mlp,45,0.29999999999999993,0.00044999999999999993,-0.06033571862426691,-0.07891389414562822,0.018578175521361304,0.018128175521361305
2021-10-31,mlp,46,0.3,0.00045,0.01063617063434782,0.036829333954342625,-0.026193163319994807,-0.026643163319994806
2021-11-30,mlp,47,0.29999999999999993,0.00044999999999999993,-0.020932192901191478,-0.061509327345875664,0.040577134444684186,0.04012713444468419
2021-12-31,mlp,48,0.30000000000000004,0.0004500000000000001,-4.043350751012451e-06,0.044028791966112424,-0.04403283531686344,-0.04448283531686344
2022-01-31,mlp,49,0.29999999999999993,0.00044999999999999993,-0.022981968012141404,-0.0008510858214244577,-0.022130882190716947,-0.022580882190716946
2022-02-28,mlp,50,0.30000000000000004,0.0004500000000000001,-0.03920380653697077,-0.026870553179337953,-0.012333253357632815,-0.012783253357632815
2022-03-31,mlp,51,0.3,0.00045,-0.0676982976874739,-0.09731932174365543,0.029621024056181527,0.02917102405618153
2022-04-30,mlp,52,0.29999999999999993,0.00044999999999999993,0.012081722967529273,0.004759309972923953,0.00732241299460532,0.0068724129946053205
2022-05-31,mlp,53,0.30000000000000004,0.0004500000000000001,0.04885567343382466,0.05264176897847572,-0.0037860955446510636,-0.0042360955446510635
2022-06-30,mlp,54,0.29999999999999993,0.00044999999999999993,0.0037938771883603752,-0.002220768842822851,0.006014646031183226,0.0055646460311832265
2022-07-31,mlp,55,0.30000000000000004,0.0004500000000000001,0.030864409918221404,0.06488301867309398,-0.03401860875487258,-0.03446860875487258
2022-08-31,mlp,56,0.3,0.00045,0.007729186419874471,-0.0027722482764277467,0.010501434696302218,0.010051434696302217
2022-09-30,mlp,57,0.29999999999999993,0.00044999999999999993,0.03800403593140765,0.04500046768638555,-0.006996431754977897,-0.007446431754977897
2022-10-31,mlp,58,0.29999999999999993,0.00044999999999999993,-0.019882226601133448,-0.00041744069451665755,-0.01946478590661679,-0.01991478590661679
2022-11-30,mlp,59,0.3,0.00045,-0.02960110780048848,-0.03858339949346057,0.00898229169297209,0.008532291692972089
2022-12-31,mlp,60,0.2999999999999999,0.0004499999999999998,0.05116375007424355,0.030265426750865743,0.020898323323377807,0.020448323323377808
2023-01-31,mlp,61,0.3,0.00045,0.028847258381360208,0.02906442677673282,-0.00021716839537261334,-0.0006671683953726133
2023-02-28,mlp,62,0.29999999999999993,0.00044999999999999993,0.009532517103745353,0.06827306537062472,-0.05874054826687937,-0.05919054826687937
2023-03-31,mlp,63,0.3,0.00045,0.00648071363002791,0.003881174438663537,0.002599539191364373,0.002149539191364373
2023-04-30,mlp,64,0.30000000000000004,0.0004500000000000001,-0.007767651985865604,0.014996536940373728,-0.022764188926239333,-0.023214188926239332
2023-05-31,mlp,65,0.3,0.00045,-0.02817996075595156,-0.05818698926351773,0.03000702850756617,0.029557028507566172
2023-06-30,mlp,66,0.30000000000000004,0.0004500000000000001,0.028730340299840867,0.037035212351905544,-0.008304872052064677,-0.008754872052064678
2023-07-31,mlp,67,0.30000000000000004,0.0004500000000000001,-0.002838793546452164,-0.007250129348272738,0.004411335801820574,0.003961335801820574
2023-08-31,mlp,68,0.3,0.00045,0.00732117781326711,-0.006000359609121264,0.013321537422388374,0.012871537422388373
2023-09-30,mlp,69,0.30000000000000004,0.0004500000000000001,-0.004517010054477032,0.037204166752047296,-0.04172117680652433,-0.04217117680652433
2023-10-31,mlp,70,0.29999999999999993,0.00044999999999999993,-0.057510624817343904,-0.0586962925141028,0.001185667696758895,0.0007356676967588951
2023-11-30,mlp,71,0.30000000000000004,0.0004500000000000001,-0.04730044707108354,-0.07521031853167803,0.027909871460594496,0.027459871460594497
2023-12-31,mlp,72,0.29999999999999993,0.00044999999999999993,0.012881027792642847,0.03250623188968271,-0.019625204097039866,-0.020075204097039865
2024-01-31,mlp,73,0.30000000000000004,0.0004500000000000001,0.001113613016087256,0.029609631310261397,-0.02849601829417414,-0.02894601829417414
2024-02-29,mlp,74,0.3,0.00045,-0.030569342868565927,-0.027896037582428534,-0.0026733052861373924,-0.0031233052861373923
2024-03-31,mlp,75,0.29999999999999993,0.00044999999999999993,-0.009945209156910955,-0.031404202074162724,0.02145899291725177,0.02100899291725177
2024-04-30,mlp,76,0.3,0.00045,-0.00028546682577512347,-0.0007650878939371442,0.0004796210681620207,2.96210681620207e-05
2024-05-31,mlp,77,0.29999999999999993,0.00044999999999999993,0.012615849871870106,0.03051703946249873,-0.017901189590628624,-0.018351189590628623
2024-06-30,mlp,78,0.29999999999999993,0.00044999999999999993,0.03550914086335087,0.04673890925796087,-0.011229768394609999,-0.01167976839461
2024-07-31,mlp,79,0.29999999999999993,0.00044999999999999993,0.01322523403823748,0.0004382251100383261,0.012787008928199154,0.012337008928199153
2024-08-31,mlp,80,0.30000000000000004,0.0004500000000000001,0.004217058102885474,0.01468147175250989,-0.010464413649624416,-0.010914413649624416
2024-09-30,mlp,81,0.29999999999999993,0.00044999999999999993,0.009381048296045443,0.014030386807651896,-0.004649338511606453,-0.005099338511606453
2024-10-31,mlp,82,0.29999999999999993,0.00044999999999999993,-0.02805683572257294,-0.04170152513890424,0.013644689416331297,0.013194689416331297
2024-11-30,mlp,83,0.29999999999999993,0.00044999999999999993,-0.011681654467387729,-0.012875411540156367,0.0011937570727686385,0.0007437570727686386
2018-01-31,random_forest,1,0.5,0.00075,0.04187234785411817,0.050692992550622096,-0.008820644696503926,-0.009570644696503927
2018-02-28,random_forest,2,0.29999999999999993,0.00044999999999999993,0.009562264167811294,0.026913263840617985,-0.01735099967280669,-0.01780099967280669
2018-03-31,random_forest,3,0.29999999999999993,0.00044999999999999993,0.015704921133127422,0.007200759526716283,0.00850416160641114,0.008054161606411139
2018-04-30,random_forest,4,0.3,0.00045,0.005942259870829636,0.0032705554632528333,0.0026717044075768026,0.0022217044075768027
2018-05-31,random_forest,5,0.30000000000000004,0.0004500000000000001,0.0008640229721434568,0.016522982687954713,-0.015658959715811258,-0.016108959715811257
2018-06-30,random_forest,6,0.2999999999999999,0.0004499999999999998,-0.005179731707158821,0.00010127496182588125,-0.005281006668984702,-0.005731006668984702
2018-07-31,random_forest,7,0.30000000000000004,0.0004500000000000001,0.02847310789755491,0.01964101784757255,0.00883209004998236,0.008382090049982359
2018-08-31,random_forest,8,0.30000000000000004,0.0004500000000000001,0.010214896909246249,0.01655082982396716,-0.006335932914720913,-0.0067859329147209125
2018-09-30,random_forest,9,0.29999999999999993,0.00044999999999999993,-0.007304765960663369,0.003673870205890495,-0.010978636166553864,-0.011428636166553865
2018-10-31,random_forest,10,0.30000000000000004,0.0004500000000000001,-0.026471887580280656,-0.028088136276895548,0.0016162486966148915,0.0011662486966148914
2018-11-30,random_forest,11,0.3,0.00045,-0.026634390381787394,-0.060830953260451626,0.03419656287866423,0.03374656287866423
2018-12-31,random_forest,12,0.29999999999999993,0.00044999999999999993,0.0035263826353767215,0.014478439921539188,-0.010952057286162466,-0.011402057286162467
2019-01-31,random_forest,13,0.29999999999999993,0.00044999999999999993,-0.05628088064906833,-0.05462296755317542,-0.0016579130958929156,-0.0021079130958929155
2019-02-28,random_forest,14,0.29999999999999993,0.00044999999999999993,-0.0014496057419564464,-0.03888030494110195,0.037430699199145503,0.036980699199145504
2019-03-31,random_forest,15,0.29999999999999993,0.00044999999999999993,-0.01860811529816484,0.020652616496963816,-0.03926073179512866,-0.039710731795128656
2019-04-30,random_forest,16,0.3,0.00045,-0.012898224885911337,-0.03256664946755383,0.019668424581642495,0.019218424581642496
2019-05-31,random_forest,17,0.29999999999999993,0.00044999999999999993,0.04354138189452007,0.054542885230214555,-0.011001503335694482,-0.011451503335694483
2019-06-30,random_forest,18,0.29999999999999993,0.00044999999999999993,-0.007217425374744594,-0.018891992469643126,0.011674567094898532,0.011224567094898531
2019-07-31,random_forest,19,0.30000000000000004,0.0004500000000000001,0.01337476430094251,0.016393492059751047,-0.0030187277588085374,-0.0034687277588085373
2019-08-31,random_forest,20,0.30000000000000004,0.0004500000000000001,0.0020720732984610773,-0.006778947484429421,0.008851020782890498,0.008401020782890498
2019-09-30,random_forest,21,0.29999999999999993,0.00044999999999999993,0.0316657579695276,0.026422910211889805,0.005242847757637795,0.004792847757637795
2019-10-31,random_forest,22,0.29999999999999993,0.00044999999999999993,-0.005795778337252055,-0.020831863285071694,0.01503608494781964,0.01458608494781964
2019-11-30,random_forest,23,0.29999999999999993,0.00044999999999999993,0.04000917922147682,0.08276754630153937,-0.04275836708006255,-0.04320836708006255
2019-12-31,random_forest,24,0.29999999999999993,0.00044999999999999993,0.004691600586251664,-0.05242173869446265,0.05711333928071431,0.05666333928071431
2020-01-31,random_forest,25,0.30000000000000004,0.0004500000000000001,0.1360003994345843,0.20628940927635986,-0.07028900984177555,-0.07073900984177556
2020-02-29,random_forest,26,0.30000000000000004,0.0004500000000000001,-0.012591993576771973,-0.025565345396648786,0.012973351819876813,0.012523351819876813
2020-03-31,random_forest,27,0.30000000000000004,0.0004500000000000001,0.0020850055644358223,0.03211634038341038,-0.030031334818974558,-0.030481334818974557
2020-04-30,random_forest,28,0.30000000000000004,0.0004500000000000001,0.030803825573128135,0.057199812955161855,-0.02639598738203372,-0.02684598738203372
2020-05-31,random_forest,29,0.29999999999999993,0.00044999999999999993,-0.02593408161015743,-0.026212308733187473,0.00027822712303004343,-0.0001717728769699565
2020-06-30,random_forest,30,0.3,0.00045,-0.04565139070392823,-0.07931075782483732,0.03365936712090909,0.03320936712090909
2020-07-31,random_forest,31,0.30000000000000004,0.0004500000000000001,0.03171415514690158,0.05268245126237092,-0.02096829611546934,-0.02141829611546934
2020-08-31,random_forest,32,0.3,0.00045,-0.0043543324153443455,0.0013974513861791937,-0.005751783801523539,-0.006201783801523539
2020-09-30,random_forest,33,0.3,0.00045,0.012171107270576267,0.019871407063151603,-0.007700299792575336,-0.008150299792575337
2020-10-31,random_forest,34,0.3,0.00045,-0.03185233042105372,-0.02982820282665921,-0.0020241275943945064,-0.0024741275943945063
2020-11-30,random_forest,35,0.30000000000000004,0.0004500000000000001,-0.006568230174814824,0.027586693928902672,-0.034154924103717496,-0.034604924103717495
2020-12-31,random_forest,36,0.2999999999999999,0.0004499999999999998,-0.03241317222609445,-0.07499691469737857,0.04258374247128412,0.04213374247128412
2021-01-31,random_forest,37,0.3,0.00045,-0.0037818698886688124,-0.02999326406083025,0.026211394172161437,0.025761394172161438
2021-02-28,random_forest,38,0.29999999999999993,0.00044999999999999993,0.02415512648718285,0.03586435611661476,-0.011709229629431911,-0.012159229629431912
2021-03-31,random_forest,39,0.29999999999999993,0.00044999999999999993,0.0019262429532613118,0.008604421866381884,-0.006678178913120572,-0.007128178913120572
2021-04-30,random_forest,40,0.30000000000000004,0.0004500000000000001,-0.01539375693502927,-0.014998363622247157,-0.00039539331278211354,-0.0008453933127821136
2021-05-31,random_forest,41,0.3,0.00045,0.03348627326034995,0.022443089413020978,0.011043183847328969,0.010593183847328968
2021-06-30,random_forest,42,0.3,0.00045,-0.012929261994073227,-0.005397929929713774,-0.0075313320643594535,-0.007981332064359454
2021-07-31,random_forest,43,0.30000000000000004,0.0004500000000000001,0.013161698746571974,0.03672113314770997,-0.023559434401138,-0.024009434401137997
2021-08-31,random_forest,44,0.3,0.00045,-0.028968743781725023,0.004958634316195143,-0.033927378097920166,-0.034377378097920165
2021-09-30,random_forest,45,0.30000000000000004,0.0004500000000000001,-0.052744694419022596,-0.07891389414562822,0.02616919972660562,0.02571919972660562
2021-10-31,random_forest,46,0.29999999999999993,0.00044999999999999993,0.004387880924201025,0.036829333954342625,-0.0324414530301416,-0.0328914530301416
2021-11-30,random_forest,47,0.3,0.00045,-0.01875262375439208,-0.061509327345875664,0.042756703591483584,0.042306703591483585
2021-12-31,random_forest,48,0.3,0.00045,0.011530973122572036,0.044028791966112424,-0.03249781884354039,-0.03294781884354039
2022-01-31,random_forest,49,0.30000000000000004,0.0004500000000000001,0.0020785888231302577,-0.0008510858214244577,0.0029296746445547153,0.0024796746445547154
2022-02-28,random_forest,50,0.29999999999999993,0.00044999999999999993,-0.04071221982814393,-0.026870553179337953,-0.013841666648805977,-0.014291666648805977
2022-03-31,random_forest,51,0.29999999999999993,0.00044999999999999993,-0.058106530758683696,-0.09731932174365543,0.039212790984971733,0.038762790984971734
2022-04-30,random_forest,52,0.29999999999999993,0.00044999999999999993,0.0157867891414809,0.004759309972923953,0.011027479168556946,0.010577479168556945
2022-05-31,random_forest,53,0.30000000000000004,0.0004500000000000001,0.04746380252886735,0.05264176897847572,-0.0051779664496083705,-0.00562796644960837
2022-06-30,random_forest,54,0.30000000000000004,0.0004500000000000001,0.00844933123434808,-0.002220768842822851,0.010670100077170931,0.01022010007717093
2022-07-31,random_forest,55,0.3,0.00045,0.03622620018602658,0.06488301867309398,-0.0286568184870674,-0.0291068184870674
2022-08-31,random_forest,56,0.29999999999999993,0.00044999999999999993,0.014681561905817824,-0.0027722482764277467,0.017453810182245573,0.017003810182245574
2022-09-30,random_forest,57,0.29999999999999993,0.00044999999999999993,0.041367765531809916,0.04500046768638555,-0.0036327021545756316,-0.0040827021545756315
2022-10-31,random_forest,58,0.2999999999999999,0.0004499999999999998,-0.02066274664719772,-0.00041744069451665755,-0.020245305952681064,-0.020695305952681063
2022-11-30,random_forest,59,0.29999999999999993,0.00044999999999999993,-0.024616313847703394,-0.03858339949346057,0.013967085645757174,0.013517085645757173
2022-12-31,random_forest,60,0.3,0.00045,0.04263365384045169,0.030265426750865743,0.012368227089585945,0.011918227089585945
2023-01-31,random_forest,61,0.3,0.00045,0.02459374813497751,0.02906442677673282,-0.004470678641755311,-0.004920678641755311
2023-02-28,random_forest,62,0.30000000000000004,0.0004500000000000001,0.01238793802424744,0.06827306537062472,-0.05588512734637728,-0.05633512734637728
2023-03-31,random_forest,63,0.29999999999999993,0.00044999999999999993,0.00749995494267117,0.003881174438663537,0.0036187805040076328,0.003168780504007633
2023-04-30,random_forest,64,0.29999999999999993,0.00044999999999999993,-0.004341476813570099,0.014996536940373728,-0.019338013753943825,-0.019788013753943824
2023-05-31,random_forest,65,0.29999999999999993,0.00044999999999999993,-0.027711771276953456,-0.05818698926351773,0.030475217986564274,0.030025217986564275
2023-06-30,random_forest,66,0.29999999999999993,0.00044999999999999993,0.037563479553137095,0.037035212351905544,0.0005282672012315512,7.826720123155125e-05
2023-07-31,random_forest,67,0.3,0.00045,-0.005732376356677036,-0.007250129348272738,0.001517752991595702,0.0010677529915957022
2023-08-31,random_forest,68,0.3,0.00045,0.005580667896954825,-0.006000359609121264,0.011581027506076088,0.011131027506076087
2023-09-30,random_forest,69,0.29999999999999993,0.00044999999999999993,0.0041856774566427744,0.037204166752047296,-0.03301848929540452,-0.03346848929540452
2023-10-31,random_forest,70,0.29999999999999993,0.00044999999999999993,-0.0586474651535189,-0.0586962925141028,4.882736058389736e-05,-0.00040117263941610257
2023-11-30,random_forest,71,0.3,0.00045,-0.0482171910679293,-0.07521031853167803,0.026993127463748733,0.026543127463748734
2023-12-31,random_forest,72,0.29999999999999993,0.00044999999999999993,0.010288573573258322,0.03250623188968271,-0.02221765831642439,-0.02266765831642439
2024-01-31,random_forest,73,0.29999999999999993,0.00044999999999999993,-0.00047264872812664436,0.029609631310261397,-0.030082280038388042,-0.03053228003838804
2024-02-29,random_forest,74,0.30000000000000004,0.0004500000000000001,-0.025859816299741628,-0.027896037582428534,0.0020362212826869064,0.0015862212826869063
2024-03-31,random_forest,75,0.29999999999999993,0.00044999999999999993,-0.0029811655725337496,-0.031404202074162724,0.028423036501628973,0.027973036501628974
2024-04-30,random_forest,76,0.3,0.00045,0.0010885661376670436,-0.0007650878939371442,0.0018536540316041877,0.0014036540316041879
2024-05-31,random_forest,77,0.30000000000000004,0.0004500000000000001,0.025918093090826797,0.03051703946249873,-0.004598946371671932,-0.005048946371671932
2024-06-30,random_forest,78,0.29999999999999993,0.00044999999999999993,0.04248959313531432,0.04673890925796087,-0.004249316122646549,-0.0046993161226465486
2024-07-31,random_forest,79,0.3,0.00045,0.01423153335528456,0.0004382251100383261,0.013793308245246234,0.013343308245246233
2024-08-31,random_forest,80,0.30000000000000004,0.0004500000000000001,0.0011121908020620946,0.01468147175250989,-0.013569280950447795,-0.014019280950447795
2024-09-30,random_forest,81,0.30000000000000004,0.0004500000000000001,0.0067701205400828605,0.014030386807651896,-0.007260266267569035,-0.007710266267569035
2024-10-31,random_forest,82,0.29999999999999993,0.00044999999999999993,-0.027905115669036393,-0.04170152513890424,0.013796409469867845,0.013346409469867844
2024-11-30,random_forest,83,0.30000000000000004,0.0004500000000000001,-0.009673829285458317,-0.012875411540156367,0.0032015822546980505,0.0027515822546980507
